"","X","Y","Chi.Square","p.value"
"1","RECEIVE_USER_PRESENT","DESC",0.171339563862928,0.678924028688533
"2","WAKE_LOCK","DESC",2.46390225842281,0.116489060657766
"3","READ_EXTERNAL_STORAGE","DESC",0.674674163046256,0.411426712051519
"4","WRITE_SETTINGS","DESC",13.0955602016972,0.00029599647092304
"5","VIBRATE","DESC",4.72047607074009,0.029805490119776
"6","MOUNT_UNMOUNT_FILESYSTEMS","DESC",32.6429263565891,1.1074171281e-08
"7","ACCESS_COARSE_LOCATION","DESC",23.6124223602484,1.178244219837e-06
"8","ACCESS_WIFI_STATE","DESC",25.9280303030303,3.5438571301e-07
"9","ACCESS_FINE_LOCATION","DESC",14.2840579710145,0.000157190542442364
"10","ACCESS_LOCATION_EXTRA_COMMANDS","DESC",11.0084942084942,0.00090695295344945
"11","INTERNET","DESC",0.25462962962963,0.613833914186036
"12","RESTART_PACKAGES","DESC",12.4949290060852,0.000408058137841666
"13","ACCESS_NETWORK_STATE","DESC",1.30806391675957,0.252745493145313
"14","SYSTEM_ALERT_WINDOW","DESC",41.7919023251638,1.01523011e-10
"15","RECEIVE_BOOT_COMPLETED","DESC",9.66932535726155,0.00187370104808545
"16","GET_TASKS","DESC",95.4734848484848,0
"17","CHANGE_WIFI_STATE","DESC",23.5854529228023,1.194874329608e-06
"18","MANAGE_ACCOUNTS","DESC",0,1
"19","GET_ACCOUNTS","DESC",0.852437843073943,0.355863597398543
"20","WRITE_EXTERNAL_STORAGE","DESC",13.475,0.000241763190611457
"21","READ_PHONE_STATE","DESC",109.819376026273,0
"22","CALL_PHONE","DESC",3.10748179209887,0.0779333683310926
"23","WRITE_MEDIA_STORAGE","DESC",0,1
"24","READ_MEDIA_STORAGE","DESC",0,1
"25","ACCESS_COARSE_UPDATES","DESC",1.54205607476636,0.214312021848211
"26","CHANGE_NETWORK_STATE","DESC",10.0537634408602,0.00152037032915794
"27","CAMERA","DESC",3.26631611506341,0.0707162565085418
"28","NFC","DESC",0,1
"29","FOREGROUND_SERVICE","DESC",23.5003310527477,1.248922751529e-06
"30","CLEAR_APP_CACHE","DESC",0,1
"31","READ_APP_BADGE","DESC",7.41442864665613,0.00647028583746536
"32","USE_CREDENTIALS","DESC",1.16745283018868,0.279925234084704
"33","FLASHLIGHT","DESC",3.36922708782005,0.0664249117321719
"34","READ_SMS","DESC",22.8557180851064,1.74629026924e-06
"35","ACCESS_MEDIA_LOCATION","DESC",0,1
"36","BLUETOOTH","DESC",2.29166666666667,0.130070185234284
"37","BLUETOOTH_ADMIN","DESC",2.57560975609756,0.108522277077316
"38","SET_WALLPAPER","DESC",0,1
"39","REQUEST_IGNORE_BATTERY_OPTIMIZATIONS","DESC",0,1
"40","ACTIVITY_RECOGNITION","DESC",0,1
"41","RECORD_AUDIO","DESC",0,1
"42","READ_CALENDAR","DESC",1.54205607476636,0.214312021848211
"43","WRITE_CALENDAR","DESC",2.3608316566063,0.124415845113209
"44","MODIFY_AUDIO_SETTINGS","DESC",0.19421761200618,0.659429274898965
"45","READ_CONTACTS","DESC",1.22316602316602,0.268740212440833
"46","CHANGE_COMPONENT_ENABLED_STATE","DESC",0,1
"47","SEND_SMS","DESC",34.792277992278,3.668255377e-09
"48","BROADCAST_STICKY","DESC",6.3749637786149,0.01157414043819
