"","X","Y","Fisher.p.value"
"1","RECEIVE_USER_PRESENT","DESC",0.683159537438175
"2","WAKE_LOCK","DESC",0.116194174802172
"3","READ_EXTERNAL_STORAGE","DESC",0.411498198506954
"4","WRITE_SETTINGS","DESC",0.000240685196229637
"5","VIBRATE","DESC",0.0295626149926392
"6","MOUNT_UNMOUNT_FILESYSTEMS","DESC",2.485666802e-09
"7","ACCESS_COARSE_LOCATION","DESC",9.44193339262e-07
"8","ACCESS_WIFI_STATE","DESC",2.58481755676e-07
"9","ACCESS_FINE_LOCATION","DESC",0.000145262829125276
"10","ACCESS_LOCATION_EXTRA_COMMANDS","DESC",0.000724185559624615
"11","INTERNET","DESC",0.621551669717821
"12","RESTART_PACKAGES","DESC",0.000163296123400407
"13","ACCESS_NETWORK_STATE","DESC",0.252197737826085
"14","SYSTEM_ALERT_WINDOW","DESC",3.662039e-11
"15","RECEIVE_BOOT_COMPLETED","DESC",0.0018077570089967
"16","GET_TASKS","DESC",0
"17","CHANGE_WIFI_STATE","DESC",6.68532607897e-07
"18","MANAGE_ACCOUNTS","DESC",1
"19","GET_ACCOUNTS","DESC",0.355938398113695
"20","WRITE_EXTERNAL_STORAGE","DESC",0.00018199963410353
"21","READ_PHONE_STATE","DESC",0
"22","CALL_PHONE","DESC",0.0760998123723666
"23","WRITE_MEDIA_STORAGE","DESC",1
"24","READ_MEDIA_STORAGE","DESC",1
"25","ACCESS_COARSE_UPDATES","DESC",0.212299405575465
"26","CHANGE_NETWORK_STATE","DESC",0.00125345135156169
"27","CAMERA","DESC",0.0702371658163918
"28","NFC","DESC",1
"29","FOREGROUND_SERVICE","DESC",6.6038602519e-08
"30","CLEAR_APP_CACHE","DESC",1
"31","READ_APP_BADGE","DESC",0.00329471717726846
"32","USE_CREDENTIALS","DESC",0.279968892473938
"33","FLASHLIGHT","DESC",0.0643058238152602
"34","READ_SMS","DESC",4.48061180611e-07
"35","ACCESS_MEDIA_LOCATION","DESC",1
"36","BLUETOOTH","DESC",0.128731000798755
"37","BLUETOOTH_ADMIN","DESC",0.105866299751736
"38","SET_WALLPAPER","DESC",1
"39","REQUEST_IGNORE_BATTERY_OPTIMIZATIONS","DESC",1
"40","ACTIVITY_RECOGNITION","DESC",1
"41","RECORD_AUDIO","DESC",1
"42","READ_CALENDAR","DESC",0.212299405575465
"43","WRITE_CALENDAR","DESC",0.119007491598927
"44","MODIFY_AUDIO_SETTINGS","DESC",0.660245081567431
"45","READ_CONTACTS","DESC",0.268597618362914
"46","CHANGE_COMPONENT_ENABLED_STATE","DESC",1
"47","SEND_SMS","DESC",1.19389218e-10
"48","BROADCAST_STICKY","DESC",0.00961814866993997
